[{"@timestamp": "2025-Jul-29 09:39:01", "host": "Picard", "process": "CRON", "pid": "35090", "message": "pam_unix(cron:session): session opened for user root(uid=0) by root(uid=0)"},{"@timestamp": "2025-Feb-26 13:05:23", "host": "Picard", "process": "lightdm", "pid": "1026", "message": "pam_unix(lightdm:session): session opened for user tester(uid=1000) by (uid=0)"},{"@timestamp": "2025-Feb-26 13:05:23", "host": "Picard", "process": "lightdm", "pid": "914", "message": "pam_unix(lightdm-greeter:session): session closed for user lightdm"},{"@timestamp": "2025-Feb-26 13:09:34", "host": "Picard", "process": "lightdm", "pid": "1064", "message": "gkr-pam: unable to locate daemon control file"},{"@timestamp": "2025-Feb-26 13:39:01", "host": "Picard", "process": "CRON", "pid": "69480", "message": "pam_unix(cron:session): session closed for user root"},{"@timestamp": "2025-Jul-29 08:37:13", "host": "Picard", "process": "polkitd", "pid": "712", "message": "Loading rules from directory /etc/polkit-1/rules.d"},{"@timestamp": "2025-Apr-30 12:45:01", "host": "Picard", "process": "CRON", "pid": "237348", "message": "pam_unix(cron:session): session opened for user root(uid=0) by (uid=0)"},{"@timestamp": "2025-Feb-26 13:05:56", "host": "Picard", "process": "sudo", "pid": "1899", "message": "  tester : TTY=pts/0 ; PWD=/home/tester ; USER=root ; COMMAND=/usr/sbin/shutdown now"},{"@timestamp": "2025-Jan-30 09:17:32", "host": "Picard", "process": "lightdm", "pid": "70292", "message": "pam_systemd(lightdm-greeter:session): Failed to release session: Transport endpoint is not connected"},{"@timestamp": "2025-Feb-26 14:00:01", "host": "Picard", "process": "CRON", "pid": "79774", "message": "pam_unix(cron:session): session closed for user root"},{"@timestamp": "2025-Apr-30 12:21:25", "host": "Picard", "process": "lightdm", "pid": "164382", "message": "pam_unix(lightdm:auth): authentication failure; logname= uid=0 euid=0 tty=:1 ruser= rhost=  user=tester"},{"@timestamp": "2025-Apr-30 13:45:01", "host": "Picard", "process": "CRON", "pid": "362677", "message": "pam_unix(cron:session): session closed for user root"},{"@timestamp": "2025-Jul-29 09:15:01", "host": "Picard", "process": "CRON", "pid": "22619", "message": "pam_unix(cron:session): session opened for user root(uid=0) by root(uid=0)"},{"@timestamp": "2025-Apr-30 13:00:01", "host": "Picard", "process": "CRON", "pid": "245096", "message": "pam_unix(cron:session): session opened for user root(uid=0) by (uid=0)"},{"@timestamp": "2025-Feb-26 13:18:51", "host": "Picard", "process": "polkitd", "pid": "835", "message": "Collecting garbage unconditionally..."},{"@timestamp": "2025-Jul-29 10:39:01", "host": "Picard", "process": "CRON", "pid": "64528", "message": "pam_unix(cron:session): session closed for user root"},{"@timestamp": "2025-Feb-26 13:30:50", "host": "Picard", "process": "polkitd", "pid": "63803", "message": "Acquired the name org.freedesktop.PolicyKit1 on the system bus"},{"@timestamp": "2025-Jul-29 11:55:02", "host": "Picard", "process": "CRON", "pid": "101394", "message": "pam_unix(cron:session): session closed for user root"},{"@timestamp": "2025-Feb-26 13:17:01", "host": "Picard", "process": "CRON", "pid": "5812", "message": "pam_unix(cron:session): session opened for user root(uid=0) by (uid=0)"},{"@timestamp": "2025-Jul-29 13:39:01", "host": "Picard", "process": "CRON", "pid": "151878", "message": "pam_unix(cron:session): session opened for user root(uid=0) by root(uid=0)"},{"@timestamp": "2025-Jul-29 14:28:05", "host": "Picard", "process": "lightdm", "pid": "48232", "message": "pam_systemd(lightdm-greeter:session): Failed to release session: Transport endpoint is not connected"},{"@timestamp": "2025-Feb-26 13:05:23", "host": "Picard", "process": "lightdm", "pid": "1026", "message": "gkr-pam: stashed password to try later in open session"},{"@timestamp": "2025-Apr-30 12:21:48", "host": "Picard", "process": "lightdm", "pid": "170445", "message": "gkr-pam: unable to locate daemon control file"},{"@timestamp": "2025-Jul-29 09:30:43", "host": "Picard", "process": "sudo", "pid": "30719", "message": "pam_unix(sudo:session): session closed for user root"},{"@timestamp": "2025-Apr-30 12:57:26", "host": "Picard", "process": "sudo", "pid": "243364", "message": "pam_unix(sudo:session): session closed for user root"},{"@timestamp": "2025-Jul-29 11:05:01", "host": "Picard", "process": "CRON", "pid": "77217", "message": "pam_unix(cron:session): session opened for user root(uid=0) by root(uid=0)"},{"@timestamp": "2025-Feb-26 13:05:56", "host": "Picard", "process": "sudo", "pid": "1899", "message": "pam_unix(sudo:session): session closed for user root"},{"@timestamp": "2025-Feb-26 13:06:43", "host": "Picard", "process": "polkitd", "pid": "835", "message": "Loading rules from directory /usr/share/polkit-1/rules.d"},{"@timestamp": "2025-Jul-29 09:19:50", "host": "Picard", "process": "sudo", "pid": "25068", "message": "pam_unix(sudo:session): session opened for user root(uid=0) by tester(uid=1000)"},{"@timestamp": "2025-Feb-26 13:28:05", "host": "Picard", "process": "lightdm", "pid": "49160", "message": "pam_unix(lightdm-greeter:session): session opened for user lightdm(uid=117) by (uid=0)"},{"@timestamp": "2025-Jul-29 08:45:01", "host": "Picard", "process": "CRON", "pid": "7526", "message": "pam_unix(cron:session): session closed for user root"},{"@timestamp": "2025-Feb-26 13:20:34", "host": "Picard", "process": "polkitd", "pid": "835", "message": "Finished loading, compiling and executing 6 rules"},{"@timestamp": "2025-Feb-26 13:05:23", "host": "Picard", "process": "(systemd)", "pid": "1034", "message": "pam_unix(systemd-user:session): session opened for user tester(uid=1000) by (uid=0)"},{"@timestamp": "2025-Jul-29 10:55:01", "host": "Picard", "process": "CRON", "pid": "72277", "message": "pam_unix(cron:session): session opened for user root(uid=0) by root(uid=0)"},{"@timestamp": "2025-Jul-29 13:05:01", "host": "Picard", "process": "CRON", "pid": "135456", "message": "pam_unix(cron:session): session closed for user root"},{"@timestamp": "2025-Feb-26 13:45:01", "host": "Picard", "process": "CRON", "pid": "72545", "message": "pam_unix(cron:session): session closed for user root"},{"@timestamp": "2025-Jan-30 09:25:01", "host": "Picard", "process": "CRON", "pid": "158460", "message": "pam_unix(cron:session): session closed for user root"},{"@timestamp": "2025-Jul-29 10:39:01", "host": "Picard", "process": "CRON", "pid": "64528", "message": "pam_unix(cron:session): session opened for user root(uid=0) by root(uid=0)"},{"@timestamp": "2025-Apr-30 12:57:35", "host": "Picard", "process": "sudo", "pid": "243627", "message": "pam_unix(sudo:session): session opened for user root(uid=0) by (uid=1000)"},{"@timestamp": "2025-Feb-26 13:35:01", "host": "Picard", "process": "CRON", "pid": "66831", "message": "pam_unix(cron:session): session closed for user root"},{"@timestamp": "2025-Jul-29 13:55:01", "host": "Picard", "process": "CRON", "pid": "159637", "message": "pam_unix(cron:session): session opened for user root(uid=0) by root(uid=0)"},{"@timestamp": "2025-Jul-29 13:17:01", "host": "Picard", "process": "CRON", "pid": "141281", "message": "pam_unix(cron:session): session opened for user root(uid=0) by root(uid=0)"},{"@timestamp": "2025-Feb-26 14:25:01", "host": "Picard", "process": "CRON", "pid": "92037", "message": "pam_unix(cron:session): session opened for user root(uid=0) by (uid=0)"},{"@timestamp": "2025-Apr-30 13:09:01", "host": "Picard", "process": "CRON", "pid": "260966", "message": "pam_unix(cron:session): session opened for user root(uid=0) by (uid=0)"},{"@timestamp": "2025-Feb-26 14:05:01", "host": "Picard", "process": "CRON", "pid": "82363", "message": "pam_unix(cron:session): session closed for user root"},{"@timestamp": "2025-Jul-29 09:25:01", "host": "Picard", "process": "CRON", "pid": "27764", "message": "pam_unix(cron:session): session opened for user root(uid=0) by root(uid=0)"},{"@timestamp": "2025-Jul-29 10:00:01", "host": "Picard", "process": "CRON", "pid": "45354", "message": "pam_unix(cron:session): session closed for user root"},{"@timestamp": "2025-Apr-30 12:44:12", "host": "Picard", "process": "lightdm", "pid": "236832", "message": "pam_unix(lightdm-greeter:session): session opened for user lightdm(uid=117) by (uid=0)"},{"@timestamp": "2025-Feb-26 13:29:26", "host": "Picard", "process": "lightdm", "pid": "49313", "message": "gkr-pam: unable to locate daemon control file"},{"@timestamp": "2025-Jan-30 09:17:20", "host": "Picard", "process": "lightdm", "pid": "99465", "message": "pam_unix(lightdm:auth): authentication failure; logname= uid=0 euid=0 tty=:1 ruser= rhost=  user=tester"},{"@timestamp": "2025-Jul-29 09:19:50", "host": "Picard", "process": "sudo", "pid": "25068", "message": "  tester : TTY=pts/1 ; PWD=/var/log ; USER=root ; COMMAND=/usr/bin/su"},{"@timestamp": "2025-Jul-29 13:39:01", "host": "Picard", "process": "CRON", "pid": "151878", "message": "pam_unix(cron:session): session closed for user root"},{"@timestamp": "2025-Jul-29 09:35:01", "host": "Picard", "process": "CRON", "pid": "33095", "message": "pam_unix(cron:session): session opened for user root(uid=0) by root(uid=0)"},{"@timestamp": "2025-Apr-30 13:05:04", "host": "Picard", "process": "polkitd", "pid": "63803", "message": "Reloading rules"},{"@timestamp": "2025-Jul-29 10:09:01", "host": "Picard", "process": "CRON", "pid": "50029", "message": "pam_unix(cron:session): session closed for user root"},{"@timestamp": "2025-Feb-26 13:06:43", "host": "Picard", "process": "polkitd", "pid": "835", "message": "Finished loading, compiling and executing 6 rules"},{"@timestamp": "2025-Jan-30 09:22:50", "host": "Picard", "process": "sudo", "pid": "157392", "message": "pam_unix(sudo:session): session opened for user root(uid=0) by (uid=1000)"},{"@timestamp": "2025-Feb-26 13:55:01", "host": "Picard", "process": "CRON", "pid": "77364", "message": "pam_unix(cron:session): session opened for user root(uid=0) by (uid=0)"},{"@timestamp": "2025-Jan-30 09:35:01", "host": "Picard", "process": "CRON", "pid": "163281", "message": "pam_unix(cron:session): session opened for user root(uid=0) by (uid=0)"},{"@timestamp": "2025-Apr-30 14:15:01", "host": "Picard", "process": "CRON", "pid": "377337", "message": "pam_unix(cron:session): session closed for user root"},{"@timestamp": "2025-Jul-29 12:09:01", "host": "Picard", "process": "CRON", "pid": "108258", "message": "pam_unix(cron:session): session closed for user root"},{"@timestamp": "2025-Jul-29 10:05:34", "host": "Picard", "process": "lightdm", "pid": "48232", "message": "pam_unix(lightdm-greeter:session): session opened for user lightdm(uid=117) by (uid=0)"},{"@timestamp": "2025-Jul-29 11:45:01", "host": "Picard", "process": "CRON", "pid": "96578", "message": "pam_unix(cron:session): session opened for user root(uid=0) by root(uid=0)"},{"@timestamp": "2025-Jul-29 10:17:01", "host": "Picard", "process": "CRON", "pid": "53924", "message": "pam_unix(cron:session): session opened for user root(uid=0) by root(uid=0)"},{"@timestamp": "2025-Apr-30 12:57:45", "host": "Picard", "process": "sudo", "pid": "243997", "message": "pam_unix(sudo:session): session opened for user root(uid=0) by (uid=1000)"},{"@timestamp": "2025-Jul-29 08:39:10", "host": "Picard", "process": "sudo", "pid": "3805", "message": "  tester : TTY=pts/0 ; PWD=/home/tester ; USER=root ; COMMAND=/usr/bin/apt-get upgrade"},{"@timestamp": "2025-Feb-26 13:05:23", "host": "Picard", "process": "lightdm", "pid": "1026", "message": "gkr-pam: unable to locate daemon control file"},{"@timestamp": "2025-Feb-26 14:09:01", "host": "Picard", "process": "CRON", "pid": "84288", "message": "pam_unix(cron:session): session opened for user root(uid=0) by (uid=0)"},{"@timestamp": "2025-Jul-29 11:35:01", "host": "Picard", "process": "CRON", "pid": "91715", "message": "pam_unix(cron:session): session opened for user root(uid=0) by root(uid=0)"},{"@timestamp": "2025-Feb-26 13:25:01", "host": "Picard", "process": "CRON", "pid": "47641", "message": "pam_unix(cron:session): session closed for user root"},{"@timestamp": "2025-Jul-29 11:09:01", "host": "Picard", "process": "CRON", "pid": "79150", "message": "pam_unix(cron:session): session closed for user root"},{"@timestamp": "2025-Jul-29 11:15:01", "host": "Picard", "process": "CRON", "pid": "82081", "message": "pam_unix(cron:session): session opened for user root(uid=0) by root(uid=0)"},{"@timestamp": "2025-Feb-26 14:17:01", "host": "Picard", "process": "CRON", "pid": "88189", "message": "pam_unix(cron:session): session closed for user root"},{"@timestamp": "2025-Jul-29 12:39:01", "host": "Picard", "process": "CRON", "pid": "122758", "message": "pam_unix(cron:session): session opened for user root(uid=0) by root(uid=0)"},{"@timestamp": "2025-Apr-30 13:09:01", "host": "Picard", "process": "CRON", "pid": "260966", "message": "pam_unix(cron:session): session closed for user root"},{"@timestamp": "2025-Feb-26 13:09:34", "host": "Picard", "process": "lightdm", "pid": "1064", "message": "gkr-pam: unlocked login keyring"},{"@timestamp": "2025-Jul-29 12:25:01", "host": "Picard", "process": "CRON", "pid": "116015", "message": "pam_unix(cron:session): session closed for user root"},{"@timestamp": "2025-Jan-30 09:17:58", "host": "Picard", "process": "CRON", "pid": "111150", "message": "pam_unix(cron:session): session opened for user root(uid=0) by (uid=0)"},{"@timestamp": "2025-Feb-26 13:23:13", "host": "Picard", "process": "ipsec_starter", "pid": "31043", "message": "charon (31050) started after 60 ms"},{"@timestamp": "2025-Apr-30 12:57:24", "host": "Picard", "process": "sudo", "pid": "243364", "message": "pam_unix(sudo:session): session opened for user root(uid=0) by (uid=1000)"},{"@timestamp": "2025-Apr-30 13:17:01", "host": "Picard", "process": "CRON", "pid": "348994", "message": "pam_unix(cron:session): session opened for user root(uid=0) by root(uid=0)"},{"@timestamp": "2025-Jul-29 11:39:01", "host": "Picard", "process": "CRON", "pid": "93647", "message": "pam_unix(cron:session): session closed for user root"},{"@timestamp": "2025-Feb-26 14:05:01", "host": "Picard", "process": "CRON", "pid": "82363", "message": "pam_unix(cron:session): session opened for user root(uid=0) by (uid=0)"},{"@timestamp": "2025-Jul-29 08:38:39", "host": "Picard", "process": "polkitd", "pid": "712", "message": "Registered Authentication Agent for unix-session:2 (system bus name :1.45 [/usr/libexec/polkit-mate-authentication-agent-1], object path /org/mate/PolicyKit1/AuthenticationAgent, locale C.UTF-8)"},{"@timestamp": "2025-Jul-29 11:17:01", "host": "Picard", "process": "CRON", "pid": "83045", "message": "pam_unix(cron:session): session opened for user root(uid=0) by root(uid=0)"},{"@timestamp": "2025-Jul-29 08:38:57", "host": "Picard", "process": "sudo", "pid": "3188", "message": "pam_unix(sudo:session): session opened for user root(uid=0) by tester(uid=1000)"},{"@timestamp": "2025-Feb-26 13:29:26", "host": "Picard", "process": "lightdm", "pid": "49313", "message": "gkr-pam: stashed password to try later in open session"},{"@timestamp": "2025-Jul-29 08:38:17", "host": "Picard", "process": "lightdm", "pid": "2052", "message": "pam_unix(lightdm:auth): authentication failure; logname= uid=0 euid=0 tty=:0 ruser= rhost="},{"@timestamp": "2025-Feb-26 13:05:56", "host": "Picard", "process": "polkitd", "pid": "844", "message": "Unregistered Authentication Agent for unix-session:2 (system bus name :1.41, object path /org/mate/PolicyKit1/AuthenticationAgent, locale C.UTF-8) (disconnected from bus)"},{"@timestamp": "2025-Jul-29 08:55:01", "host": "Picard", "process": "CRON", "pid": "12710", "message": "pam_unix(cron:session): session closed for user root"},{"@timestamp": "2025-Feb-26 13:20:20", "host": "Picard", "process": "polkitd", "pid": "835", "message": "Reloading rules"},{"@timestamp": "2025-Jan-30 09:37:00", "host": "Picard", "process": "(systemd)", "pid": "164262", "message": "pam_unix(systemd-user:session): session opened for user lightdm(uid=117) by (uid=0)"},{"@timestamp": "2025-Jan-30 09:20:53", "host": "Picard", "process": "sudo", "pid": "148644", "message": "pam_unix(sudo:session): session closed for user root"},{"@timestamp": "2025-Jul-29 14:05:01", "host": "Picard", "process": "CRON", "pid": "164619", "message": "pam_unix(cron:session): session opened for user root(uid=0) by root(uid=0)"},{"@timestamp": "2025-Jul-29 11:09:01", "host": "Picard", "process": "CRON", "pid": "79150", "message": "pam_unix(cron:session): session opened for user root(uid=0) by root(uid=0)"},{"@timestamp": "2025-Feb-26 13:06:43", "host": "Picard", "process": "polkitd", "pid": "835", "message": "Loading rules from directory /etc/polkit-1/rules.d"},{"@timestamp": "2025-Feb-26 13:06:44", "host": "Picard", "process": "lightdm", "pid": "908", "message": "pam_unix(lightdm-greeter:session): session opened for user lightdm(uid=117) by (uid=0)"},{"@timestamp": "2025-Feb-26 14:00:01", "host": "Picard", "process": "CRON", "pid": "79774", "message": "pam_unix(cron:session): session opened for user root(uid=0) by (uid=0)"},{"@timestamp": "2025-Jul-29 13:25:01", "host": "Picard", "process": "CRON", "pid": "145135", "message": "pam_unix(cron:session): session closed for user root"},{"@timestamp": "2025-Jul-29 13:15:01", "host": "Picard", "process": "CRON", "pid": "140316", "message": "pam_unix(cron:session): session closed for user root"},{"@timestamp": "2025-Jul-29 09:30:33", "host": "Picard", "process": "sudo", "pid": "30719", "message": "pam_unix(sudo:session): session opened for user root(uid=0) by tester(uid=0)"},{"@timestamp": "2025-Jan-30 09:17:31", "host": "Picard", "process": "lightdm", "pid": "100944", "message": "gkr-pam: stashed password to try later in open session"},{"@timestamp": "2025-Feb-26 13:09:34", "host": "Picard", "process": "lightdm", "pid": "1064", "message": "gkr-pam: stashed password to try later in open session"},{"@timestamp": "2025-Apr-30 13:15:01", "host": "Picard", "process": "CRON", "pid": "347986", "message": "pam_unix(cron:session): session opened for user root(uid=0) by root(uid=0)"},{"@timestamp": "2025-Jul-29 14:28:04", "host": "Picard", "process": "lightdm", "pid": "48377", "message": "gkr-pam: unable to locate daemon control file"},{"@timestamp": "2025-Apr-30 14:05:01", "host": "Picard", "process": "CRON", "pid": "372477", "message": "pam_unix(cron:session): session opened for user root(uid=0) by root(uid=0)"},{"@timestamp": "2025-Jul-29 09:09:01", "host": "Picard", "process": "CRON", "pid": "19678", "message": "pam_unix(cron:session): session opened for user root(uid=0) by root(uid=0)"},{"@timestamp": "2025-Jul-29 14:28:04", "host": "Picard", "process": "lightdm", "pid": "48377", "message": "gkr-pam: stashed password to try later in open session"},{"@timestamp": "2025-Jul-29 10:25:01", "host": "Picard", "process": "CRON", "pid": "57778", "message": "pam_unix(cron:session): session opened for user root(uid=0) by root(uid=0)"},{"@timestamp": "2025-Apr-30 12:56:38", "host": "Picard", "process": "lightdm", "pid": "236832", "message": "pam_systemd(lightdm-greeter:session): Failed to release session: Transport endpoint is not connected"},{"@timestamp": "2025-Jul-29 09:05:01", "host": "Picard", "process": "CRON", "pid": "17736", "message": "pam_unix(cron:session): session closed for user root"},{"@timestamp": "2025-Feb-26 13:23:16", "host": "Picard", "process": "su", "pid": "31486", "message": "pam_unix(su:session): session closed for user postgres"},{"@timestamp": "2025-Jul-29 13:17:01", "host": "Picard", "process": "CRON", "pid": "141281", "message": "pam_unix(cron:session): session closed for user root"},{"@timestamp": "2025-Jul-29 09:19:50", "host": "Picard", "process": "su", "pid": "25110", "message": "pam_unix(su:session): session opened for user root(uid=0) by tester(uid=0)"},{"@timestamp": "2025-Jul-29 14:09:01", "host": "Picard", "process": "CRON", "pid": "166543", "message": "pam_unix(cron:session): session opened for user root(uid=0) by root(uid=0)"},{"@timestamp": "2025-Jul-29 12:55:01", "host": "Picard", "process": "CRON", "pid": "130516", "message": "pam_unix(cron:session): session opened for user root(uid=0) by root(uid=0)"},{"@timestamp": "2025-Feb-26 14:25:01", "host": "Picard", "process": "CRON", "pid": "92037", "message": "pam_unix(cron:session): session closed for user root"},{"@timestamp": "2025-Feb-26 13:18:04", "host": "Picard", "process": "polkitd", "pid": "835", "message": "Loading rules from directory /usr/share/polkit-1/rules.d"},{"@timestamp": "2025-Feb-26 13:12:41", "host": "Picard", "process": "sudo", "pid": "3138", "message": "pam_unix(sudo:session): session opened for user root(uid=0) by (uid=1000)"},{"@timestamp": "2025-Jul-29 13:45:01", "host": "Picard", "process": "CRON", "pid": "154818", "message": "pam_unix(cron:session): session opened for user root(uid=0) by root(uid=0)"},{"@timestamp": "2025-Apr-30 12:57:24", "host": "Picard", "process": "sudo", "pid": "243364", "message": "  tester : TTY=pts/0 ; PWD=/home/tester ; USER=root ; COMMAND=/usr/bin/apt-get update"},{"@timestamp": "2025-Apr-30 14:17:01", "host": "Picard", "process": "CRON", "pid": "378300", "message": "pam_unix(cron:session): session closed for user root"},{"@timestamp": "2025-Jan-30 09:20:52", "host": "Picard", "process": "sudo", "pid": "148644", "message": "pam_unix(sudo:session): session opened for user root(uid=0) by (uid=1000)"},{"@timestamp": "2025-Jul-29 09:05:01", "host": "Picard", "process": "CRON", "pid": "17736", "message": "pam_unix(cron:session): session opened for user root(uid=0) by root(uid=0)"},{"@timestamp": "2025-Apr-30 12:21:49", "host": "Picard", "process": "lightdm", "pid": "164251", "message": "pam_systemd(lightdm-greeter:session): Failed to release session: Transport endpoint is not connected"},{"@timestamp": "2025-Jul-29 13:15:01", "host": "Picard", "process": "CRON", "pid": "140316", "message": "pam_unix(cron:session): session opened for user root(uid=0) by root(uid=0)"},{"@timestamp": "2025-Jul-29 08:37:15", "host": "Picard", "process": "(systemd)", "pid": "1483", "message": "pam_unix(systemd-user:session): session opened for user lightdm(uid=117) by lightdm(uid=0)"},{"@timestamp": "2025-Feb-26 13:17:01", "host": "Picard", "process": "CRON", "pid": "5812", "message": "pam_unix(cron:session): session closed for user root"},{"@timestamp": "2025-Jul-29 11:05:01", "host": "Picard", "process": "CRON", "pid": "77217", "message": "pam_unix(cron:session): session closed for user root"},{"@timestamp": "2025-Jan-30 09:39:01", "host": "Picard", "process": "CRON", "pid": "165346", "message": "pam_unix(cron:session): session closed for user root"},{"@timestamp": "2025-Feb-26 13:05:43", "host": "Picard", "process": "sudo", "pid": "1746", "message": "  tester : TTY=pts/0 ; PWD=/home/tester ; USER=root ; COMMAND=/usr/sbin/shutdown"},{"@timestamp": "2025-Feb-26 13:20:34", "host": "Picard", "process": "polkitd", "pid": "835", "message": "Reloading rules"},{"@timestamp": "2025-Jul-29 08:55:01", "host": "Picard", "process": "CRON", "pid": "12710", "message": "pam_unix(cron:session): session opened for user root(uid=0) by root(uid=0)"},{"@timestamp": "2025-Jul-29 13:25:01", "host": "Picard", "process": "CRON", "pid": "145135", "message": "pam_unix(cron:session): session opened for user root(uid=0) by root(uid=0)"},{"@timestamp": "2025-Apr-30 14:00:01", "host": "Picard", "process": "CRON", "pid": "369894", "message": "pam_unix(cron:session): session opened for user root(uid=0) by root(uid=0)"},{"@timestamp": "2025-Apr-30 13:35:01", "host": "Picard", "process": "CRON", "pid": "357815", "message": "pam_unix(cron:session): session opened for user root(uid=0) by root(uid=0)"},{"@timestamp": "2025-Feb-26 13:06:45", "host": "Picard", "process": "lightdm", "pid": "908", "message": "pam_unix(lightdm-greeter:session): session opened for user lightdm(uid=117) by (uid=0)"},{"@timestamp": "2025-Jul-29 11:39:01", "host": "Picard", "process": "CRON", "pid": "93647", "message": "pam_unix(cron:session): session opened for user root(uid=0) by root(uid=0)"},{"@timestamp": "2025-Apr-30 13:05:04", "host": "Picard", "process": "polkitd", "pid": "63803", "message": "Finished loading, compiling and executing 6 rules"},{"@timestamp": "2025-Jul-29 08:38:36", "host": "Picard", "process": "lightdm", "pid": "2249", "message": "gkr-pam: stashed password to try later in open session"},{"@timestamp": "2025-Feb-26 13:29:26", "host": "Picard", "process": "lightdm", "pid": "49160", "message": "pam_systemd(lightdm-greeter:session): Failed to release session: Transport endpoint is not connected"},{"@timestamp": "2025-Apr-30 13:05:01", "host": "Picard", "process": "CRON", "pid": "252252", "message": "pam_unix(cron:session): session opened for user root(uid=0) by (uid=0)"},{"@timestamp": "2025-Jul-29 08:45:01", "host": "Picard", "process": "CRON", "pid": "7526", "message": "pam_unix(cron:session): session opened for user root(uid=0) by root(uid=0)"},{"@timestamp": "2025-Jan-30 09:37:00", "host": "Picard", "process": "lightdm", "pid": "164251", "message": "pam_unix(lightdm-greeter:session): session opened for user lightdm(uid=117) by (uid=0)"},{"@timestamp": "2025-Apr-30 12:44:13", "host": "Picard", "process": "lightdm", "pid": "236832", "message": "pam_unix(lightdm-greeter:session): session opened for user lightdm(uid=117) by (uid=0)"},{"@timestamp": "2025-Jul-29 08:38:36", "host": "Picard", "process": "lightdm", "pid": "2249", "message": "pam_unix(lightdm:session): session opened for user tester(uid=1000) by tester(uid=0)"},{"@timestamp": "2025-Jul-29 09:00:01", "host": "Picard", "process": "CRON", "pid": "15177", "message": "pam_unix(cron:session): session opened for user root(uid=0) by root(uid=0)"},{"@timestamp": "2025-Jan-30 09:22:51", "host": "Picard", "process": "sudo", "pid": "157392", "message": "pam_unix(sudo:session): session closed for user root"},{"@timestamp": "2025-Feb-26 13:18:51", "host": "Picard", "process": "polkitd", "pid": "835", "message": "Loading rules from directory /usr/share/polkit-1/rules.d"},{"@timestamp": "2025-Apr-30 13:55:01", "host": "Picard", "process": "CRON", "pid": "367493", "message": "pam_unix(cron:session): session opened for user root(uid=0) by root(uid=0)"},{"@timestamp": "2025-Feb-26 13:23:13", "host": "Picard", "process": "ipsec_starter", "pid": "31043", "message": "ipsec starter stopped"},{"@timestamp": "2025-Jan-30 09:20:27", "host": "Picard", "process": "sudo", "pid": "146949", "message": "pam_unix(sudo:session): session opened for user root(uid=0) by (uid=1000)"},{"@timestamp": "2025-Feb-26 13:55:01", "host": "Picard", "process": "CRON", "pid": "77364", "message": "pam_unix(cron:session): session closed for user root"},{"@timestamp": "2025-Jul-29 12:25:01", "host": "Picard", "process": "CRON", "pid": "116015", "message": "pam_unix(cron:session): session opened for user root(uid=0) by root(uid=0)"},{"@timestamp": "2025-Feb-26 13:30:50", "host": "Picard", "process": "polkitd", "pid": "63803", "message": "Finished loading, compiling and executing 6 rules"},{"@timestamp": "2025-Jan-30 09:20:27", "host": "Picard", "process": "sudo", "pid": "146949", "message": "pam_unix(sudo:session): session closed for user root"},{"@timestamp": "2025-Jul-29 09:30:43", "host": "Picard", "process": "su", "pid": "30721", "message": "pam_unix(su:session): session closed for user root"},{"@timestamp": "2025-Jul-29 14:17:01", "host": "Picard", "process": "CRON", "pid": "170447", "message": "pam_unix(cron:session): session closed for user root"},{"@timestamp": "2025-Jul-29 14:00:01", "host": "Picard", "process": "CRON", "pid": "162045", "message": "pam_unix(cron:session): session opened for user root(uid=0) by root(uid=0)"},{"@timestamp": "2025-Jul-29 08:39:10", "host": "Picard", "process": "sudo", "pid": "3805", "message": "pam_unix(sudo:session): session opened for user root(uid=0) by tester(uid=1000)"},{"@timestamp": "2025-Jul-29 09:09:02", "host": "Picard", "process": "CRON", "pid": "19678", "message": "pam_unix(cron:session): session closed for user root"},{"@timestamp": "2025-Jul-29 08:38:36", "host": "Picard", "process": "lightdm", "pid": "2249", "message": "gkr-pam: unlocked login keyring"},{"@timestamp": "2025-Jul-29 10:35:01", "host": "Picard", "process": "CRON", "pid": "62596", "message": "pam_unix(cron:session): session closed for user root"},{"@timestamp": "2025-Jan-30 09:17:42", "host": "Picard", "process": "(sd-pam)", "pid": "70309", "message": "pam_unix(systemd-user:session): session closed for user lightdm"},{"@timestamp": "2025-Jul-29 14:28:05", "host": "Picard", "process": "lightdm", "pid": "48232", "message": "pam_unix(lightdm-greeter:session): session closed for user lightdm"},{"@timestamp": "2025-Jul-29 13:45:01", "host": "Picard", "process": "CRON", "pid": "154818", "message": "pam_unix(cron:session): session closed for user root"},{"@timestamp": "2025-Apr-30 13:05:04", "host": "Picard", "process": "polkitd", "pid": "63803", "message": "Loading rules from directory /etc/polkit-1/rules.d"},{"@timestamp": "2025-Feb-26 13:05:08", "host": "Picard", "process": "polkitd", "pid": "844", "message": "Finished loading, compiling and executing 6 rules"},{"@timestamp": "2025-Jul-29 14:25:01", "host": "Picard", "process": "CRON", "pid": "174299", "message": "pam_unix(cron:session): session closed for user root"},{"@timestamp": "2025-Jan-30 09:17:58", "host": "Picard", "process": "CRON", "pid": "111150", "message": "pam_unix(cron:session): session closed for user root"},{"@timestamp": "2025-Jul-29 09:55:01", "host": "Picard", "process": "CRON", "pid": "42932", "message": "pam_unix(cron:session): session opened for user root(uid=0) by root(uid=0)"},{"@timestamp": "2025-Jul-29 12:35:01", "host": "Picard", "process": "CRON", "pid": "120833", "message": "pam_unix(cron:session): session closed for user root"},{"@timestamp": "2025-Jul-29 09:55:01", "host": "Picard", "process": "CRON", "pid": "42932", "message": "pam_unix(cron:session): session closed for user root"},{"@timestamp": "2025-Apr-30 14:17:01", "host": "Picard", "process": "CRON", "pid": "378300", "message": "pam_unix(cron:session): session opened for user root(uid=0) by root(uid=0)"},{"@timestamp": "2025-Apr-30 13:12:53", "host": "Picard", "process": "su", "pid": "322619", "message": "pam_unix(su:session): session closed for user postgres"},{"@timestamp": "2025-Jul-29 10:05:01", "host": "Picard", "process": "CRON", "pid": "47940", "message": "pam_unix(cron:session): session closed for user root"},{"@timestamp": "2025-Feb-26 13:23:13", "host": "Picard", "process": "ipsec_starter", "pid": "31043", "message": "charon stopped after 200 ms"},{"@timestamp": "2025-Apr-30 12:45:01", "host": "Picard", "process": "CRON", "pid": "237348", "message": "pam_unix(cron:session): session closed for user root"},{"@timestamp": "2025-Feb-26 13:05:56", "host": "Picard", "process": "lightdm", "pid": "1026", "message": "pam_unix(lightdm:session): session closed for user tester"},{"@timestamp": "2025-Jul-29 09:15:01", "host": "Picard", "process": "CRON", "pid": "22619", "message": "pam_unix(cron:session): session closed for user root"},{"@timestamp": "2025-Jul-29 10:17:01", "host": "Picard", "process": "CRON", "pid": "53924", "message": "pam_unix(cron:session): session closed for user root"},{"@timestamp": "2025-Apr-30 14:09:01", "host": "Picard", "process": "CRON", "pid": "374411", "message": "pam_unix(cron:session): session closed for user root"},{"@timestamp": "2025-Feb-26 13:23:13", "host": "Picard", "process": "ipsec_starter", "pid": "31226", "message": "Starting strongSwan 5.9.13 IPsec [starter]..."},{"@timestamp": "2025-Jul-29 09:31:19", "host": "Picard", "process": "su", "pid": "25110", "message": "pam_unix(su:session): session closed for user root"},{"@timestamp": "2025-Jul-29 14:17:01", "host": "Picard", "process": "CRON", "pid": "170447", "message": "pam_unix(cron:session): session opened for user root(uid=0) by root(uid=0)"},{"@timestamp": "2025-Feb-26 13:20:20", "host": "Picard", "process": "polkitd", "pid": "835", "message": "Finished loading, compiling and executing 6 rules"},{"@timestamp": "2025-Apr-30 13:35:01", "host": "Picard", "process": "CRON", "pid": "357815", "message": "pam_unix(cron:session): session closed for user root"},{"@timestamp": "2025-Jul-29 11:15:01", "host": "Picard", "process": "CRON", "pid": "82081", "message": "pam_unix(cron:session): session closed for user root"},{"@timestamp": "2025-Feb-26 13:05:08", "host": "Picard", "process": "polkitd", "pid": "844", "message": "Loading rules from directory /usr/share/polkit-1/rules.d"},{"@timestamp": "2025-Feb-26 13:18:04", "host": "Picard", "process": "polkitd", "pid": "835", "message": "Reloading rules"},{"@timestamp": "2025-Jul-29 13:09:01", "host": "Picard", "process": "CRON", "pid": "137380", "message": "pam_unix(cron:session): session opened for user root(uid=0) by root(uid=0)"},{"@timestamp": "2025-Apr-30 13:17:01", "host": "Picard", "process": "CRON", "pid": "348994", "message": "pam_unix(cron:session): session closed for user root"},{"@timestamp": "2025-Feb-26 13:20:20", "host": "Picard", "process": "polkitd", "pid": "835", "message": "Loading rules from directory /usr/share/polkit-1/rules.d"},{"@timestamp": "2025-Apr-30 13:25:16", "host": "Picard", "process": "lightdm", "pid": "352997", "message": "pam_unix(lightdm-greeter:session): session opened for user lightdm(uid=117) by (uid=0)"},{"@timestamp": "2025-Jul-29 10:00:01", "host": "Picard", "process": "CRON", "pid": "45354", "message": "pam_unix(cron:session): session opened for user root(uid=0) by root(uid=0)"},{"@timestamp": "2025-Jul-29 08:37:13", "host": "Picard", "process": "polkitd", "pid": "712", "message": "Finished loading, compiling and executing 6 rules"},{"@timestamp": "2025-Jul-29 11:35:01", "host": "Picard", "process": "CRON", "pid": "91715", "message": "pam_unix(cron:session): session closed for user root"},{"@timestamp": "2025-Jul-29 11:25:01", "host": "Picard", "process": "CRON", "pid": "86896", "message": "pam_unix(cron:session): session closed for user root"},{"@timestamp": "2025-Feb-26 13:40:35", "host": "Picard", "process": "lightdm", "pid": "70292", "message": "pam_unix(lightdm-greeter:session): session opened for user lightdm(uid=117) by (uid=0)"},{"@timestamp": "2025-Jul-29 10:55:01", "host": "Picard", "process": "CRON", "pid": "72277", "message": "pam_unix(cron:session): session closed for user root"},{"@timestamp": "2025-Feb-26 13:35:01", "host": "Picard", "process": "CRON", "pid": "66831", "message": "pam_unix(cron:session): session opened for user root(uid=0) by (uid=0)"},{"@timestamp": "2025-Feb-26 13:18:51", "host": "Picard", "process": "polkitd", "pid": "835", "message": "Reloading rules"},{"@timestamp": "2025-Feb-26 13:15:01", "host": "Picard", "process": "CRON", "pid": "4457", "message": "pam_unix(cron:session): session closed for user root"},{"@timestamp": "2025-Apr-30 13:25:01", "host": "Picard", "process": "CRON", "pid": "352857", "message": "pam_unix(cron:session): session closed for user root"},{"@timestamp": "2025-Jul-29 12:15:01", "host": "Picard", "process": "CRON", "pid": "111196", "message": "pam_unix(cron:session): session closed for user root"},{"@timestamp": "2025-Apr-30 13:25:01", "host": "Picard", "process": "CRON", "pid": "352857", "message": "pam_unix(cron:session): session opened for user root(uid=0) by root(uid=0)"},{"@timestamp": "2025-Apr-30 13:12:53", "host": "Picard", "process": "su", "pid": "322619", "message": "pam_unix(su:session): session opened for user postgres(uid=114) by tester(uid=0)"},{"@timestamp": "2025-Feb-26 13:23:13", "host": "Picard", "process": "ipsec_starter", "pid": "31226", "message": "charon (31230) started after 40 ms"},{"@timestamp": "2025-Feb-26 13:45:01", "host": "Picard", "process": "CRON", "pid": "72545", "message": "pam_unix(cron:session): session opened for user root(uid=0) by (uid=0)"},{"@timestamp": "2025-Feb-26 13:05:08", "host": "Picard", "process": "polkitd", "pid": "844", "message": "Loading rules from directory /etc/polkit-1/rules.d"},{"@timestamp": "2025-Jul-29 12:55:01", "host": "Picard", "process": "CRON", "pid": "130516", "message": "pam_unix(cron:session): session closed for user root"},{"@timestamp": "2025-Jul-29 08:38:36", "host": "Picard", "process": "lightdm", "pid": "2249", "message": "gkr-pam: unable to locate daemon control file"},{"@timestamp": "2025-Apr-30 12:55:01", "host": "Picard", "process": "CRON", "pid": "242164", "message": "pam_unix(cron:session): session closed for user root"},{"@timestamp": "2025-Jul-29 11:17:01", "host": "Picard", "process": "CRON", "pid": "83045", "message": "pam_unix(cron:session): session closed for user root"},{"@timestamp": "2025-Feb-26 13:05:23", "host": "Picard", "process": "lightdm", "pid": "1026", "message": "gkr-pam: unlocked login keyring"},{"@timestamp": "2025-Apr-30 12:56:38", "host": "Picard", "process": "lightdm", "pid": "236832", "message": "pam_unix(lightdm-greeter:session): session closed for user lightdm"},{"@timestamp": "2025-Apr-30 12:21:48", "host": "Picard", "process": "lightdm", "pid": "170445", "message": "gkr-pam: stashed password to try later in open session"},{"@timestamp": "2025-Jul-29 09:30:33", "host": "Picard", "process": "su", "pid": "30721", "message": "pam_unix(su:session): session opened for user root(uid=0) by tester(uid=0)"},{"@timestamp": "2025-Jul-29 13:55:01", "host": "Picard", "process": "CRON", "pid": "159637", "message": "pam_unix(cron:session): session closed for user root"},{"@timestamp": "2025-Jan-30 09:36:59", "host": "Picard", "process": "lightdm", "pid": "164251", "message": "pam_unix(lightdm-greeter:session): session opened for user lightdm(uid=117) by (uid=0)"},{"@timestamp": "2025-Jul-29 09:25:01", "host": "Picard", "process": "CRON", "pid": "27764", "message": "pam_unix(cron:session): session closed for user root"},{"@timestamp": "2025-Jul-29 08:38:57", "host": "Picard", "process": "sudo", "pid": "3188", "message": "  tester : TTY=pts/0 ; PWD=/home/tester ; USER=root ; COMMAND=/usr/bin/apt-get update"},{"@timestamp": "2025-Jan-30 09:17:15", "host": "Picard", "process": "lightdm", "pid": "70422", "message": "pam_unix(lightdm:auth): authentication failure; logname= uid=0 euid=0 tty=:1 ruser= rhost=  user=tester"},{"@timestamp": "2025-Jul-29 11:25:01", "host": "Picard", "process": "CRON", "pid": "86896", "message": "pam_unix(cron:session): session opened for user root(uid=0) by root(uid=0)"},{"@timestamp": "2025-Feb-26 13:09:34", "host": "Picard", "process": "lightdm", "pid": "908", "message": "pam_unix(lightdm-greeter:session): session closed for user lightdm"},{"@timestamp": "2025-Feb-26 13:06:43", "host": "Picard", "process": "polkitd", "pid": "835", "message": "Acquired the name org.freedesktop.PolicyKit1 on the system bus"},{"@timestamp": "2025-Apr-30 14:15:01", "host": "Picard", "process": "CRON", "pid": "377337", "message": "pam_unix(cron:session): session opened for user root(uid=0) by root(uid=0)"},{"@timestamp": "2025-Feb-26 13:05:08", "host": "Picard", "process": "polkitd", "pid": "844", "message": "Acquired the name org.freedesktop.PolicyKit1 on the system bus"},{"@timestamp": "2025-Apr-30 12:39:01", "host": "Picard", "process": "CRON", "pid": "234272", "message": "pam_unix(cron:session): session closed for user root"},{"@timestamp": "2025-Feb-26 13:23:16", "host": "Picard", "process": "su", "pid": "31486", "message": "pam_unix(su:session): session opened for user postgres(uid=114) by (uid=0)"},{"@timestamp": "2025-Apr-30 12:57:45", "host": "Picard", "process": "sudo", "pid": "243997", "message": "  tester : TTY=pts/0 ; PWD=/home/tester ; USER=root ; COMMAND=/usr/bin/apt-get upgrade"},{"@timestamp": "2025-Apr-30 13:15:01", "host": "Picard", "process": "CRON", "pid": "347986", "message": "pam_unix(cron:session): session closed for user root"},{"@timestamp": "2025-Jul-29 08:38:36", "host": "Picard", "process": "lightdm", "pid": "1476", "message": "pam_unix(lightdm-greeter:session): session closed for user lightdm"},{"@timestamp": "2025-Jul-29 13:05:01", "host": "Picard", "process": "CRON", "pid": "135456", "message": "pam_unix(cron:session): session opened for user root(uid=0) by root(uid=0)"},{"@timestamp": "2025-Jan-30 09:35:01", "host": "Picard", "process": "CRON", "pid": "163281", "message": "pam_unix(cron:session): session closed for user root"},{"@timestamp": "2025-Jul-29 09:17:01", "host": "Picard", "process": "CRON", "pid": "23625", "message": "pam_unix(cron:session): session opened for user root(uid=0) by root(uid=0)"},{"@timestamp": "2025-Feb-26 13:13:01", "host": "Picard", "process": "sudo", "pid": "3477", "message": "  tester : TTY=pts/1 ; PWD=/home/tester ; USER=root ; COMMAND=/usr/bin/apt-get upgrade"},{"@timestamp": "2025-Jan-30 09:17:31", "host": "Picard", "process": "lightdm", "pid": "100944", "message": "gkr-pam: unable to locate daemon control file"},{"@timestamp": "2025-Apr-30 12:57:43", "host": "Picard", "process": "sudo", "pid": "243842", "message": "  tester : TTY=pts/0 ; PWD=/home/tester ; USER=root ; COMMAND=/usr/bin/apt-get update"},{"@timestamp": "2025-Feb-26 13:12:51", "host": "Picard", "process": "sudo", "pid": "3138", "message": "pam_unix(sudo:session): session closed for user root"},{"@timestamp": "2025-Feb-26 13:20:20", "host": "Picard", "process": "polkitd", "pid": "835", "message": "Collecting garbage unconditionally..."},{"@timestamp": "2025-Apr-30 12:44:12", "host": "Picard", "process": "(systemd)", "pid": "236842", "message": "pam_unix(systemd-user:session): session opened for user lightdm(uid=117) by (uid=0)"},{"@timestamp": "2025-Jan-30 09:20:52", "host": "Picard", "process": "sudo", "pid": "148644", "message": "  tester : TTY=pts/1 ; PWD=/home/tester ; USER=root ; COMMAND=/usr/bin/nmap -sU -p 27051 192.168.107.129"},{"@timestamp": "2025-Jul-29 11:45:01", "host": "Picard", "process": "CRON", "pid": "96578", "message": "pam_unix(cron:session): session closed for user root"},{"@timestamp": "2025-Feb-26 13:20:20", "host": "Picard", "process": "polkitd", "pid": "835", "message": "Loading rules from directory /etc/polkit-1/rules.d"},{"@timestamp": "2025-Apr-30 13:00:02", "host": "Picard", "process": "CRON", "pid": "245096", "message": "pam_unix(cron:session): session closed for user root"},{"@timestamp": "2025-Feb-26 13:05:43", "host": "Picard", "process": "sudo", "pid": "1746", "message": "pam_unix(sudo:session): session closed for user root"},{"@timestamp": "2025-Feb-26 13:23:13", "host": "Picard", "process": "ipsec_starter", "pid": "31043", "message": "Starting strongSwan 5.9.13 IPsec [starter]..."},{"@timestamp": "2025-Jul-29 13:00:01", "host": "Picard", "process": "CRON", "pid": "132925", "message": "pam_unix(cron:session): session opened for user root(uid=0) by root(uid=0)"},{"@timestamp": "2025-Apr-30 12:25:01", "host": "Picard", "process": "CRON", "pid": "219367", "message": "pam_unix(cron:session): session opened for user root(uid=0) by (uid=0)"},{"@timestamp": "2025-Feb-26 13:06:45", "host": "Picard", "process": "(systemd)", "pid": "915", "message": "pam_unix(systemd-user:session): session opened for user lightdm(uid=117) by (uid=0)"},{"@timestamp": "2025-Apr-30 12:21:49", "host": "Picard", "process": "lightdm", "pid": "164251", "message": "pam_unix(lightdm-greeter:session): session closed for user lightdm"},{"@timestamp": "2025-Feb-26 13:18:51", "host": "Picard", "process": "polkitd", "pid": "835", "message": "Loading rules from directory /etc/polkit-1/rules.d"},{"@timestamp": "2025-Feb-26 13:18:04", "host": "Picard", "process": "polkitd", "pid": "835", "message": "Loading rules from directory /etc/polkit-1/rules.d"},{"@timestamp": "2025-Jul-29 12:00:01", "host": "Picard", "process": "CRON", "pid": "103802", "message": "pam_unix(cron:session): session opened for user root(uid=0) by root(uid=0)"},{"@timestamp": "2025-Feb-26 13:05:10", "host": "Picard", "process": "lightdm", "pid": "914", "message": "pam_unix(lightdm-greeter:session): session opened for user lightdm(uid=117) by (uid=0)"},{"@timestamp": "2025-Apr-30 12:55:01", "host": "Picard", "process": "CRON", "pid": "242164", "message": "pam_unix(cron:session): session opened for user root(uid=0) by (uid=0)"},{"@timestamp": "2025-Apr-30 12:57:43", "host": "Picard", "process": "sudo", "pid": "243842", "message": "pam_unix(sudo:session): session opened for user root(uid=0) by (uid=1000)"},{"@timestamp": "2025-Jul-29 11:55:02", "host": "Picard", "process": "CRON", "pid": "101394", "message": "pam_unix(cron:session): session opened for user root(uid=0) by root(uid=0)"},{"@timestamp": "2025-Feb-26 13:18:51", "host": "Picard", "process": "polkitd", "pid": "835", "message": "Finished loading, compiling and executing 6 rules"},{"@timestamp": "2025-Jan-30 09:39:01", "host": "Picard", "process": "CRON", "pid": "165346", "message": "pam_unix(cron:session): session opened for user root(uid=0) by (uid=0)"},{"@timestamp": "2025-Apr-30 12:39:01", "host": "Picard", "process": "CRON", "pid": "234272", "message": "pam_unix(cron:session): session opened for user root(uid=0) by (uid=0)"},{"@timestamp": "2025-Feb-26 13:09:01", "host": "Picard", "process": "CRON", "pid": "1018", "message": "pam_unix(cron:session): session closed for user root"},{"@timestamp": "2025-Jul-29 10:45:01", "host": "Picard", "process": "CRON", "pid": "67463", "message": "pam_unix(cron:session): session opened for user root(uid=0) by root(uid=0)"},{"@timestamp": "2025-Jul-29 14:05:01", "host": "Picard", "process": "CRON", "pid": "164619", "message": "pam_unix(cron:session): session closed for user root"},{"@timestamp": "2025-Feb-26 13:25:01", "host": "Picard", "process": "CRON", "pid": "47641", "message": "pam_unix(cron:session): session opened for user root(uid=0) by (uid=0)"},{"@timestamp": "2025-Jul-29 12:17:01", "host": "Picard", "process": "CRON", "pid": "112154", "message": "pam_unix(cron:session): session closed for user root"},{"@timestamp": "2025-Jul-29 09:17:01", "host": "Picard", "process": "CRON", "pid": "23625", "message": "pam_unix(cron:session): session closed for user root"},{"@timestamp": "2025-Jul-29 09:39:01", "host": "Picard", "process": "CRON", "pid": "35090", "message": "pam_unix(cron:session): session closed for user root"},{"@timestamp": "2025-Apr-30 12:21:59", "host": "Picard", "process": "(sd-pam)", "pid": "164267", "message": "pam_unix(systemd-user:session): session closed for user lightdm"},{"@timestamp": "2025-Jul-29 08:39:01", "host": "Picard", "process": "CRON", "pid": "3525", "message": "pam_unix(cron:session): session closed for user root"},{"@timestamp": "2025-Feb-26 13:09:34", "host": "Picard", "process": "lightdm", "pid": "1064", "message": "pam_unix(lightdm:session): session opened for user tester(uid=1000) by (uid=0)"},{"@timestamp": "2025-Jul-29 08:38:17", "host": "Picard", "process": "lightdm", "pid": "2052", "message": "pam_unix(lightdm:auth): check pass; user unknown"},{"@timestamp": "2025-Feb-26 13:20:34", "host": "Picard", "process": "polkitd", "pid": "835", "message": "Loading rules from directory /usr/share/polkit-1/rules.d"},{"@timestamp": "2025-Jul-29 09:00:01", "host": "Picard", "process": "CRON", "pid": "15177", "message": "pam_unix(cron:session): session closed for user root"},{"@timestamp": "2025-Feb-26 13:20:34", "host": "Picard", "process": "polkitd", "pid": "835", "message": "Loading rules from directory /etc/polkit-1/rules.d"},{"@timestamp": "2025-Jul-29 10:15:01", "host": "Picard", "process": "CRON", "pid": "52960", "message": "pam_unix(cron:session): session closed for user root"},{"@timestamp": "2025-Apr-30 14:09:01", "host": "Picard", "process": "CRON", "pid": "374411", "message": "pam_unix(cron:session): session opened for user root(uid=0) by root(uid=0)"},{"@timestamp": "2025-Feb-26 13:39:01", "host": "Picard", "process": "CRON", "pid": "69480", "message": "pam_unix(cron:session): session opened for user root(uid=0) by (uid=0)"},{"@timestamp": "2025-Apr-30 12:35:01", "host": "Picard", "process": "CRON", "pid": "232340", "message": "pam_unix(cron:session): session opened for user root(uid=0) by (uid=0)"},{"@timestamp": "2025-Feb-26 14:15:01", "host": "Picard", "process": "CRON", "pid": "87219", "message": "pam_unix(cron:session): session opened for user root(uid=0) by (uid=0)"},{"@timestamp": "2025-Feb-26 13:09:44", "host": "Picard", "process": "(sd-pam)", "pid": "916", "message": "pam_unix(systemd-user:session): session closed for user lightdm"},{"@timestamp": "2025-Apr-30 12:57:45", "host": "Picard", "process": "sudo", "pid": "243842", "message": "pam_unix(sudo:session): session closed for user root"},{"@timestamp": "2025-Apr-30 13:14:17", "host": "Picard", "process": "sudo", "pid": "243997", "message": "pam_unix(sudo:session): session closed for user root"},{"@timestamp": "2025-Jul-29 13:35:01", "host": "Picard", "process": "CRON", "pid": "149955", "message": "pam_unix(cron:session): session closed for user root"},{"@timestamp": "2025-Jan-30 09:17:32", "host": "Picard", "process": "lightdm", "pid": "70292", "message": "pam_unix(lightdm-greeter:session): session closed for user lightdm"},{"@timestamp": "2025-Feb-26 13:15:01", "host": "Picard", "process": "CRON", "pid": "4457", "message": "pam_unix(cron:session): session opened for user root(uid=0) by (uid=0)"},{"@timestamp": "2025-Jul-29 13:35:01", "host": "Picard", "process": "CRON", "pid": "149955", "message": "pam_unix(cron:session): session opened for user root(uid=0) by root(uid=0)"},{"@timestamp": "2025-Jul-29 08:39:01", "host": "Picard", "process": "CRON", "pid": "3525", "message": "pam_unix(cron:session): session opened for user root(uid=0) by root(uid=0)"},{"@timestamp": "2025-Jul-29 09:30:33", "host": "Picard", "process": "sudo", "pid": "30719", "message": "    root : TTY=pts/2 ; PWD=/home/tester/benscript/elis/elis ; USER=root ; COMMAND=/usr/bin/su"},{"@timestamp": "2025-Feb-26 13:31:03", "host": "Picard", "process": "sudo", "pid": "3477", "message": "pam_unix(sudo:session): session closed for user root"},{"@timestamp": "2025-Jul-29 12:39:01", "host": "Picard", "process": "CRON", "pid": "122758", "message": "pam_unix(cron:session): session closed for user root"},{"@timestamp": "2025-Jul-29 10:05:01", "host": "Picard", "process": "CRON", "pid": "47940", "message": "pam_unix(cron:session): session opened for user root(uid=0) by root(uid=0)"},{"@timestamp": "2025-Jul-29 12:45:01", "host": "Picard", "process": "CRON", "pid": "125699", "message": "pam_unix(cron:session): session closed for user root"},{"@timestamp": "2025-Jul-29 08:39:11", "host": "Picard", "process": "sudo", "pid": "3805", "message": "pam_unix(sudo:session): session closed for user root"},{"@timestamp": "2025-Jul-29 12:05:01", "host": "Picard", "process": "CRON", "pid": "106333", "message": "pam_unix(cron:session): session closed for user root"},{"@timestamp": "2025-Feb-26 13:09:01", "host": "Picard", "process": "CRON", "pid": "1018", "message": "pam_unix(cron:session): session opened for user root(uid=0) by (uid=0)"},{"@timestamp": "2025-Jul-29 13:09:01", "host": "Picard", "process": "CRON", "pid": "137380", "message": "pam_unix(cron:session): session closed for user root"},{"@timestamp": "2025-Apr-30 12:57:35", "host": "Picard", "process": "sudo", "pid": "243627", "message": "  tester : TTY=pts/0 ; PWD=/home/tester ; USER=root ; COMMAND=/usr/bin/apt-get update"},{"@timestamp": "2025-Jul-29 10:05:34", "host": "Picard", "process": "(systemd)", "pid": "48244", "message": "pam_unix(systemd-user:session): session opened for user lightdm(uid=117) by lightdm(uid=0)"},{"@timestamp": "2025-Jan-30 09:25:01", "host": "Picard", "process": "CRON", "pid": "158460", "message": "pam_unix(cron:session): session opened for user root(uid=0) by (uid=0)"},{"@timestamp": "2025-Apr-30 14:05:01", "host": "Picard", "process": "CRON", "pid": "372477", "message": "pam_unix(cron:session): session closed for user root"},{"@timestamp": "2025-Jul-29 09:35:01", "host": "Picard", "process": "CRON", "pid": "33095", "message": "pam_unix(cron:session): session closed for user root"},{"@timestamp": "2025-Apr-30 13:39:01", "host": "Picard", "process": "CRON", "pid": "359751", "message": "pam_unix(cron:session): session closed for user root"},{"@timestamp": "2025-Jul-29 12:17:01", "host": "Picard", "process": "CRON", "pid": "112154", "message": "pam_unix(cron:session): session opened for user root(uid=0) by root(uid=0)"},{"@timestamp": "2025-Apr-30 12:35:01", "host": "Picard", "process": "CRON", "pid": "232340", "message": "pam_unix(cron:session): session closed for user root"},{"@timestamp": "2025-Feb-26 13:05:56", "host": "Picard", "process": "sudo", "pid": "1899", "message": "pam_unix(sudo:session): session opened for user root(uid=0) by (uid=1000)"},{"@timestamp": "2025-Jul-29 10:15:01", "host": "Picard", "process": "CRON", "pid": "52960", "message": "pam_unix(cron:session): session opened for user root(uid=0) by root(uid=0)"},{"@timestamp": "2025-Apr-30 12:57:38", "host": "Picard", "process": "sudo", "pid": "243627", "message": "pam_unix(sudo:session): session closed for user root"},{"@timestamp": "2025-Jul-29 12:35:01", "host": "Picard", "process": "CRON", "pid": "120833", "message": "pam_unix(cron:session): session opened for user root(uid=0) by root(uid=0)"},{"@timestamp": "2025-Apr-30 12:25:01", "host": "Picard", "process": "CRON", "pid": "219367", "message": "pam_unix(cron:session): session closed for user root"},{"@timestamp": "2025-Jul-29 12:09:01", "host": "Picard", "process": "CRON", "pid": "108258", "message": "pam_unix(cron:session): session opened for user root(uid=0) by root(uid=0)"},{"@timestamp": "2025-Jan-30 09:22:50", "host": "Picard", "process": "sudo", "pid": "157392", "message": "  tester : TTY=pts/1 ; PWD=/home/tester ; USER=root ; COMMAND=/usr/bin/nmap -sU -p 27051 192.168.107.129"},{"@timestamp": "2025-Feb-26 13:09:34", "host": "Picard", "process": "(systemd)", "pid": "1071", "message": "pam_unix(systemd-user:session): session opened for user tester(uid=1000) by (uid=0)"},{"@timestamp": "2025-Feb-26 13:40:34", "host": "Picard", "process": "lightdm", "pid": "70292", "message": "pam_unix(lightdm-greeter:session): session opened for user lightdm(uid=117) by (uid=0)"},{"@timestamp": "2025-Jul-29 08:38:36", "host": "Picard", "process": "(systemd)", "pid": "2310", "message": "pam_unix(systemd-user:session): session opened for user tester(uid=1000) by tester(uid=0)"},{"@timestamp": "2025-Feb-26 13:28:05", "host": "Picard", "process": "(systemd)", "pid": "49171", "message": "pam_unix(systemd-user:session): session opened for user lightdm(uid=117) by (uid=0)"},{"@timestamp": "2025-Jul-29 10:25:01", "host": "Picard", "process": "CRON", "pid": "57778", "message": "pam_unix(cron:session): session closed for user root"},{"@timestamp": "2025-Feb-26 13:28:06", "host": "Picard", "process": "lightdm", "pid": "49160", "message": "pam_unix(lightdm-greeter:session): session opened for user lightdm(uid=117) by (uid=0)"},{"@timestamp": "2025-Feb-26 14:09:01", "host": "Picard", "process": "CRON", "pid": "84288", "message": "pam_unix(cron:session): session closed for user root"},{"@timestamp": "2025-Feb-26 13:18:04", "host": "Picard", "process": "polkitd", "pid": "835", "message": "Collecting garbage unconditionally..."},{"@timestamp": "2025-Apr-30 13:25:16", "host": "Picard", "process": "(systemd)", "pid": "353008", "message": "pam_unix(systemd-user:session): session opened for user lightdm(uid=117) by lightdm(uid=0)"},{"@timestamp": "2025-Jul-29 08:39:02", "host": "Picard", "process": "sudo", "pid": "3188", "message": "pam_unix(sudo:session): session closed for user root"},{"@timestamp": "2025-Jul-29 14:09:01", "host": "Picard", "process": "CRON", "pid": "166543", "message": "pam_unix(cron:session): session closed for user root"},{"@timestamp": "2025-Jul-29 12:15:01", "host": "Picard", "process": "CRON", "pid": "111196", "message": "pam_unix(cron:session): session opened for user root(uid=0) by root(uid=0)"},{"@timestamp": "2025-Feb-26 13:18:04", "host": "Picard", "process": "polkitd", "pid": "835", "message": "Finished loading, compiling and executing 6 rules"},{"@timestamp": "2025-Feb-26 14:17:01", "host": "Picard", "process": "CRON", "pid": "88189", "message": "pam_unix(cron:session): session opened for user root(uid=0) by (uid=0)"},{"@timestamp": "2025-Apr-30 13:39:01", "host": "Picard", "process": "CRON", "pid": "359751", "message": "pam_unix(cron:session): session opened for user root(uid=0) by root(uid=0)"},{"@timestamp": "2025-Jul-29 14:25:01", "host": "Picard", "process": "CRON", "pid": "174299", "message": "pam_unix(cron:session): session opened for user root(uid=0) by root(uid=0)"},{"@timestamp": "2025-Feb-26 13:20:34", "host": "Picard", "process": "polkitd", "pid": "835", "message": "Collecting garbage unconditionally..."},{"@timestamp": "2025-Jan-30 09:20:27", "host": "Picard", "process": "sudo", "pid": "146949", "message": "  tester : TTY=pts/1 ; PWD=/home/tester ; USER=root ; COMMAND=/usr/bin/nmap -sU -p 27051 192.168.107.129"},{"@timestamp": "2025-Apr-30 13:05:01", "host": "Picard", "process": "CRON", "pid": "252252", "message": "pam_unix(cron:session): session closed for user root"},{"@timestamp": "2025-Jul-29 08:37:13", "host": "Picard", "process": "polkitd", "pid": "712", "message": "Loading rules from directory /usr/share/polkit-1/rules.d"},{"@timestamp": "2025-Jul-29 11:00:01", "host": "Picard", "process": "CRON", "pid": "74696", "message": "pam_unix(cron:session): session closed for user root"},{"@timestamp": "2025-Apr-30 14:00:02", "host": "Picard", "process": "CRON", "pid": "369894", "message": "pam_unix(cron:session): session closed for user root"},{"@timestamp": "2025-Apr-30 12:56:37", "host": "Picard", "process": "lightdm", "pid": "236963", "message": "gkr-pam: stashed password to try later in open session"},{"@timestamp": "2025-Apr-30 13:55:01", "host": "Picard", "process": "CRON", "pid": "367493", "message": "pam_unix(cron:session): session closed for user root"},{"@timestamp": "2025-Jul-29 11:00:01", "host": "Picard", "process": "CRON", "pid": "74696", "message": "pam_unix(cron:session): session opened for user root(uid=0) by root(uid=0)"},{"@timestamp": "2025-Jul-29 12:05:01", "host": "Picard", "process": "CRON", "pid": "106333", "message": "pam_unix(cron:session): session opened for user root(uid=0) by root(uid=0)"},{"@timestamp": "2025-Jul-29 12:00:01", "host": "Picard", "process": "CRON", "pid": "103802", "message": "pam_unix(cron:session): session closed for user root"},{"@timestamp": "2025-Jul-29 13:00:01", "host": "Picard", "process": "CRON", "pid": "132925", "message": "pam_unix(cron:session): session closed for user root"},{"@timestamp": "2025-Apr-30 13:05:04", "host": "Picard", "process": "polkitd", "pid": "63803", "message": "Collecting garbage unconditionally..."},{"@timestamp": "2025-Feb-26 13:05:10", "host": "Picard", "process": "(systemd)", "pid": "921", "message": "pam_unix(systemd-user:session): session opened for user lightdm(uid=117) by (uid=0)"},{"@timestamp": "2025-Jul-29 08:37:13", "host": "Picard", "process": "polkitd", "pid": "712", "message": "Acquired the name org.freedesktop.PolicyKit1 on the system bus"},{"@timestamp": "2025-Feb-26 13:30:50", "host": "Picard", "process": "polkitd", "pid": "63803", "message": "Loading rules from directory /usr/share/polkit-1/rules.d"},{"@timestamp": "2025-Feb-26 13:30:50", "host": "Picard", "process": "polkitd", "pid": "63803", "message": "Loading rules from directory /etc/polkit-1/rules.d"},{"@timestamp": "2025-Jul-29 09:45:01", "host": "Picard", "process": "CRON", "pid": "38049", "message": "pam_unix(cron:session): session opened for user root(uid=0) by root(uid=0)"},{"@timestamp": "2025-Jul-29 08:37:15", "host": "Picard", "process": "lightdm", "pid": "1476", "message": "pam_unix(lightdm-greeter:session): session opened for user lightdm(uid=117) by (uid=0)"},{"@timestamp": "2025-Feb-26 13:09:36", "host": "Picard", "process": "polkitd", "pid": "835", "message": "Registered Authentication Agent for unix-session:3 (system bus name :1.47 [/usr/libexec/polkit-mate-authentication-agent-1], object path /org/mate/PolicyKit1/AuthenticationAgent, locale C.UTF-8)"},{"@timestamp": "2025-Feb-26 13:13:01", "host": "Picard", "process": "sudo", "pid": "3477", "message": "pam_unix(sudo:session): session opened for user root(uid=0) by (uid=1000)"},{"@timestamp": "2025-Jul-29 10:45:01", "host": "Picard", "process": "CRON", "pid": "67463", "message": "pam_unix(cron:session): session closed for user root"},{"@timestamp": "2025-Feb-26 13:05:43", "host": "Picard", "process": "sudo", "pid": "1746", "message": "pam_unix(sudo:session): session opened for user root(uid=0) by (uid=1000)"},{"@timestamp": "2025-Apr-30 13:05:04", "host": "Picard", "process": "polkitd", "pid": "63803", "message": "Loading rules from directory /usr/share/polkit-1/rules.d"},{"@timestamp": "2025-Jul-29 14:15:01", "host": "Picard", "process": "CRON", "pid": "169483", "message": "pam_unix(cron:session): session opened for user root(uid=0) by root(uid=0)"},{"@timestamp": "2025-Feb-26 13:09:34", "host": "Picard", "process": "lightdm", "pid": "908", "message": "pam_systemd(lightdm-greeter:session): Failed to release session: Transport endpoint is not connected"},{"@timestamp": "2025-Feb-26 13:29:26", "host": "Picard", "process": "lightdm", "pid": "49160", "message": "pam_unix(lightdm-greeter:session): session closed for user lightdm"},{"@timestamp": "2025-Jul-29 08:37:16", "host": "Picard", "process": "lightdm", "pid": "1476", "message": "pam_unix(lightdm-greeter:session): session opened for user lightdm(uid=117) by (uid=0)"},{"@timestamp": "2025-Feb-26 13:05:25", "host": "Picard", "process": "polkitd", "pid": "844", "message": "Registered Authentication Agent for unix-session:2 (system bus name :1.41 [/usr/libexec/polkit-mate-authentication-agent-1], object path /org/mate/PolicyKit1/AuthenticationAgent, locale C.UTF-8)"},{"@timestamp": "2025-Jul-29 12:45:01", "host": "Picard", "process": "CRON", "pid": "125699", "message": "pam_unix(cron:session): session opened for user root(uid=0) by root(uid=0)"},{"@timestamp": "2025-Jul-29 10:09:01", "host": "Picard", "process": "CRON", "pid": "50029", "message": "pam_unix(cron:session): session opened for user root(uid=0) by root(uid=0)"},{"@timestamp": "2025-Jul-29 10:35:01", "host": "Picard", "process": "CRON", "pid": "62596", "message": "pam_unix(cron:session): session opened for user root(uid=0) by root(uid=0)"},{"@timestamp": "2025-Jul-29 14:15:01", "host": "Picard", "process": "CRON", "pid": "169483", "message": "pam_unix(cron:session): session closed for user root"},{"@timestamp": "2025-Feb-26 14:15:01", "host": "Picard", "process": "CRON", "pid": "87219", "message": "pam_unix(cron:session): session closed for user root"},{"@timestamp": "2025-Jul-29 09:31:19", "host": "Picard", "process": "sudo", "pid": "25068", "message": "pam_unix(sudo:session): session closed for user root"},{"@timestamp": "2025-Feb-26 13:05:23", "host": "Picard", "process": "lightdm", "pid": "914", "message": "pam_systemd(lightdm-greeter:session): Failed to release session: Transport endpoint is not connected"},{"@timestamp": "2025-Jul-29 14:00:02", "host": "Picard", "process": "CRON", "pid": "162045", "message": "pam_unix(cron:session): session closed for user root"},{"@timestamp": "2025-Feb-26 13:12:41", "host": "Picard", "process": "sudo", "pid": "3138", "message": "  tester : TTY=pts/1 ; PWD=/home/tester ; USER=root ; COMMAND=/usr/bin/apt-get update"},{"@timestamp": "2025-Apr-30 13:45:01", "host": "Picard", "process": "CRON", "pid": "362677", "message": "pam_unix(cron:session): session opened for user root(uid=0) by root(uid=0)"},{"@timestamp": "2025-Feb-26 13:30:50", "host": "Picard", "process": "polkitd", "pid": "63803", "message": "Registered Authentication Agent for unix-session:3 (system bus name :1.47 [/usr/libexec/polkit-mate-authentication-agent-1], object path /org/mate/PolicyKit1/AuthenticationAgent, locale C.UTF-8)"},{"@timestamp": "2025-Jul-29 09:45:01", "host": "Picard", "process": "CRON", "pid": "38049", "message": "pam_unix(cron:session): session closed for user root"},{"@timestamp": "2025-Feb-26 13:40:34", "host": "Picard", "process": "(systemd)", "pid": "70302", "message": "pam_unix(systemd-user:session): session opened for user lightdm(uid=117) by (uid=0)"},{"@timestamp": "2025-Jul-29 08:38:36", "host": "Picard", "process": "lightdm", "pid": "1476", "message": "pam_systemd(lightdm-greeter:session): Failed to release session: Transport endpoint is not connected"},{"@timestamp": "2025-Apr-30 12:56:37", "host": "Picard", "process": "lightdm", "pid": "236963", "message": "gkr-pam: unable to locate daemon control file"}]